2025-01-01,创1-3章
2025-01-02,创4-6章
2025-01-03,创7-9章
2025-01-04,创10-12章
2025-01-05,创13-15章
2025-01-06,创16-18章
2025-01-07,创19-21章
2025-01-08,创22-24章
2025-01-09,创25-27章
2025-01-10,创28-30章
2025-01-11,创30-33章
2025-01-12,创34-36章
2025-01-13,创37-39章
2025-01-14,创40-42章
2025-01-15,创43-46章
2025-01-16,创47-50章
2025-01-17,出1-3章
2025-01-18,出4-6章
2025-01-19,出7-9章
2025-01-20,出10-12章
2025-01-21,出13-15章
2025-01-22,出16-18章
2025-01-23,出19-21章
2025-01-24,出22-24章
2025-01-25,出25-27章
2025-01-26,出28-30章
2025-01-27,出31-33章
2025-01-28,出34-36章
2025-01-29,出37-40章
2025-01-30,利1-3章
2025-01-31,利4-6章
2025-02-01,利7-9章
2025-02-02,利10-12章
2025-02-03,利13-15章
2025-02-04,利16-18章
2025-02-05,利19-21章
2025-02-06,利22-24章
2025-02-07,利25-27章
2025-02-08,民1-3章
2025-02-09,民4-6章
2025-02-10,民7-9章
2025-02-11,民10-12章
2025-02-12,民13-15章
2025-02-13,民16-18章
2025-02-14,民19-21章
2025-02-15,民22-24章
2025-02-16,民25-27章
2025-02-17,民28-30章
2025-02-18,民31-33章
2025-02-19,民34-36章
2025-02-20,申1-3章
2025-02-21,申4-6章
2025-02-22,申7-9章
2025-02-23,电10-12章
2025-02-24,申13-15章
2025-02-25,申16-18章
2025-02-26,申19-21章
2025-02-27,申22-24章
2025-02-28,申25-27章
2025-03-01,申28-30章
2025-03-02,申31-34章
2025-03-03,书1-3章
2025-03-04,书4-6章
2025-03-05,书7-9章
2025-03-06,书10-12章
2025-03-07,书13-15章
2025-03-08,书16-18章
2025-03-09,书19-21章
2025-03-10,书22-24章
2025-03-11,士1-3章
2025-03-12,士4-6章
2025-03-13,士7-9章
2025-03-14,士10-12章
2025-03-15,士13-15章
2025-03-16,士16-18章
2025-03-17,士19-21章
2025-03-18,得1-4章
2025-03-19,撒上1-3章
2025-03-20,撒上4-6章
2025-03-21,撒上7-9章
2025-03-22,撒上10-12章
2025-03-23,撒上13-15章
2025-03-24,撒上16-18章
2025-03-25,撒上19-21章
2025-03-26,撒上22-24章
2025-03-27,撒上25-27章
2025-03-28,撒上28-31章
2025-03-29,撒下1-3章
2025-03-30,撒下4-6章
2025-03-31,撒下7-9章
2025-04-01,撒下10-12章
2025-04-02,撒下13-15章
2025-04-03,撒下16-18章
2025-04-04,撒下19-21章
2025-04-05,撒下22-24章
2025-04-06,王上1-3章
2025-04-07,王上4-6章
2025-04-08,王上7-9章
2025-04-09,王上10-12章
2025-04-10,王上13-15章
2025-04-11,王上16-18章
2025-04-12,王上19-22章
2025-04-13,王下1-3章
2025-04-14,王下4-6章
2025-04-15,王下7-9章
2025-04-16,王下10-12章
2025-04-17,王下13-15章
2025-04-18,王下16-18章
2025-04-19,王下19-21章
2025-04-20,王下22-25章
2025-04-21,代上1-3章
2025-04-22,代上4-6章
2025-04-23,代上7-9章
2025-04-24,代上10-12章
2025-04-25,代上13-15章
2025-04-26,代上16-18章
2025-04-27,代上19-21章
2025-04-28,代上22-25章
2025-04-29,代上26-29章
2025-04-30,代下1-4章
2025-05-01,代下5-8章
2025-05-02,代下9-12章
2025-05-03,代下13-16章
2025-05-04,代下17-20章
2025-05-05,代下21-24章
2025-05-06,代下25-28章
2025-05-07,代下29-32章
2025-05-08,代下33-36章
2025-05-09,拉1-3章
2025-05-10,拉4-6章
2025-05-11,拉7-10章
2025-05-12,尼1-3章
2025-05-13,尼4-6章
2025-05-14,尼7-9章
2025-05-15,尼10-13章
2025-05-16,斯1-3章
2025-05-17,斯4-6章
2025-05-18,斯7-10章
2025-05-19,伯1-3章
2025-05-20,伯4-6章
2025-05-21,伯7-9章
2025-05-22,伯10-12章
2025-05-23,伯13-15章
2025-05-24,伯16-18章
2025-05-25,伯19-21章
2025-05-26,伯22-24章
2025-05-27,伯25-27章
2025-05-28,伯28-30章
2025-05-29,伯31-33章
2025-05-30,伯34-36章
2025-05-31,伯37-39章
2025-06-01,伯40-42章
2025-06-02,诗1-5篇
2025-06-03,诗6-10篇
2025-06-04,诗11-15篇
2025-06-05,诗16-20篇
2025-06-06,诗21-25篇
2025-06-07,诗26-30篇
2025-06-08,诗31-35篇
2025-06-09,诗36-40篇
2025-06-10,诗41-45篇
2025-06-11,诗46-50篇
2025-06-12,诗51-55篇
2025-06-13,诗56-60篇
2025-06-14,诗61-65篇
2025-06-15,诗66-70篇
2025-06-16,诗71-75篇
2025-06-17,诗76-80篇
2025-06-18,诗81-85篇
2025-06-19,诗86-90篇
2025-06-20,诗91-95篇
2025-06-21,诗96-100篇
2025-06-22,诗101-105篇
2025-06-23,诗106-110篇
2025-06-24,诗111-115篇
2025-06-25,诗116-120篇
2025-06-26,诗121-125篇
2025-06-27,诗126-130篇
2025-06-28,诗131-135篇
2025-06-29,诗136-140篇
2025-06-30,诗141-145篇
2025-07-01,诗146-150篇
2025-07-02,箴1-3章
2025-07-03,箴4-6章
2025-07-04,箴7-9章
2025-07-05,箴10-12章
2025-07-06,箴13-16章
2025-07-07,箴17-20章
2025-07-08,箴21-24章
2025-07-09,箴25-28章
2025-07-10,箴29-31章
2025-07-11,传1-3章
2025-07-12,传4-6章
2025-07-13,传7-9章
2025-07-14,传10-12章
2025-07-15,歌1-4章
2025-07-16,歌5-8章
2025-07-17,塞1-3章
2025-07-18,塞4-6章
2025-07-19,塞7-9章
2025-07-20,塞10-12章
2025-07-21,塞13-15章
2025-07-22,塞16-18章
2025-07-23,塞19-21章
2025-07-24,塞22-24章
2025-07-25,塞25-27章
2025-07-26,塞28-30章
2025-07-27,塞31-33章
2025-07-28,塞34-36章
2025-07-29,塞37-39章
2025-07-30,塞40-42章
2025-07-31,塞43-45章
2025-08-01,塞46-48章
2025-08-02,塞49-51章
2025-08-03,塞52-54章
2025-08-04,塞55-57章
2025-08-05,塞58-60章
2025-08-06,塞61-63章
2025-08-07,塞64-66章
2025-08-08,耶1-3章
2025-08-09,耶4-6章
2025-08-10,耶7-9章
2025-08-11,耶10-12章
2025-08-12,耶13-15章
2025-08-13,耶16-18章
2025-08-14,耶19-21章
2025-08-15,耶22-24章
2025-08-16,耶25-27章
2025-08-17,耶28-30章
2025-08-18,耶31-33章
2025-08-19,耶34-36章
2025-08-20,耶37-39章
2025-08-21,耶40-42章
2025-08-22,耶43-45章
2025-08-23,耶46-48章
2025-08-24,耶49-52章
2025-08-25,哀1-5章
2025-08-26,结1-3章
2025-08-27,结4-6章
2025-08-28,结7-9章
2025-08-29,结10-12章
2025-08-30,结13-15章
2025-08-31,结16-18章
2025-09-01,结19-21章
2025-09-02,结22-24章
2025-09-03,结25-27章
2025-09-04,结28-30章
2025-09-05,结31-33章
2025-09-06,结34-36章
2025-09-07,结37-39章
2025-09-08,结40-42章
2025-09-09,结43-45章
2025-09-10,结46-48章
2025-09-11,但1-3章
2025-09-12,但4-6章
2025-09-13,但7-9章
2025-09-14,但10-12章
2025-09-15,何1-3章
2025-09-16,何4-6章
2025-09-17,何7-10章
2025-09-18,何11-14章
2025-09-19,珥1-3章
2025-09-20,摩1-3章
2025-09-21,摩4-6章
2025-09-22,摩7-9章
2025-09-23,俄1章
2025-09-24,拿1-4章
2025-09-25,弥1-3章
2025-09-26,弥4-7章
2025-09-27,鸿1-3章
2025-09-28,哈1-3章
2025-09-29,番1-3章
2025-09-30,该1-2章
2025-10-01,亚1-3章
2025-10-02,亚4-6章
2025-10-03,亚7-9章
2025-10-04,亚10-12章
2025-10-05,亚13-14章
2025-10-06,玛1-4章
2025-10-07,太1-3章
2025-10-08,太4-6章
2025-10-09,太7-9章
2025-10-10,太10-12章
2025-10-11,太13-15章
2025-10-12,太16-18章
2025-10-13,太19-21章
2025-10-14,太22-24章
2025-10-15,太25-28章
2025-10-16,可1-3章
2025-10-17,可4-6章
2025-10-18,可7-9章
2025-10-19,可10-12章
2025-10-20,可13-16章
2025-10-21,路1-3章
2025-10-22,路4-6章
2025-10-23,路7-9章
2025-10-24,路10-12章
2025-10-25,路13-15章
2025-10-26,路16-18章
2025-10-27,路19-21章
2025-10-28,路22-24章
2025-10-29,约1-3章
2025-10-30,约4-6章
2025-10-31,约7-9章
2025-11-01,约10-12章
2025-11-02,约13-15章
2025-11-03,约16-18章
2025-11-04,约19-21章
2025-11-05,徒1-3章
2025-11-06,徒4-6章
2025-11-07,徒7-9章
2025-11-08,徒10-12章
2025-11-09,徒13-15章
2025-11-10,徒16-18章
2025-11-11,徒19-21章
2025-11-12,徒22-24章
2025-11-13,徒25-28章
2025-11-14,罗1-3章
2025-11-15,罗4-6章
2025-11-16,罗7-9章
2025-11-17,罗10-12章
2025-11-18,罗13-16章
2025-11-19,林前1-3章
2025-11-20,林前4-6章
2025-11-21,林前7-9章
2025-11-22,林前10-12章
2025-11-23,林前13-16章
2025-11-24,林后1-3章
2025-11-25,林后4-6章
2025-11-26,林后7-9章
2025-11-27,林后10-13章
2025-11-28,加1-3章
2025-11-29,加4-6章
2025-11-30,弗1-3章
2025-12-01,弗4-6章
2025-12-02,腓1-4章
2025-12-03,西1-4章
2025-12-04,帖前1-3章
2025-12-05,帖前4-5章
2025-12-06,帖后1-3章
2025-12-07,提前1-3章
2025-12-08,提前4-6章
2025-12-09,提后1-4章
2025-12-10,多1-3章
2025-12-11,门1章
2025-12-12,来1-3章
2025-12-13,来4-6章
2025-12-14,来7-9章
2025-12-15,来10-13章
2025-12-16,雅1-3章
2025-12-17,雅4-5章
2025-12-18,彼前1-3章
2025-12-19,彼前4-5章
2025-12-20,彼后1-3章
2025-12-21,约-1-3章
2025-12-22,约-4-5章
2025-12-23,约二/约三/犹
2025-12-24,启1-3章
2025-12-25,启4-6章
2025-12-26,启7-9章
2025-12-27,启10-12章
2025-12-28,启13-15章
2025-12-29,启16-18章
2025-12-30,启19-22章
2025-12-31,完成
